{"cameraMode":{"drawMode":0,"name":"Shaded","section":"Shading Mode"},"sceneLighting":true,"audioPlay":false,"sceneViewState":{"showFog":true,"showMaterialUpdate":false,"showSkybox":true,"showFlares":true,"showImageEffects":true,"showParticleSystems":true},"in2DMode":false,"pivot":{"x":8.01766586303711,"y":0.9024561047554016,"z":77.54706573486328},"rotation":{"x":-0.15729965269565583,"y":-0.12789742648601533,"z":0.020552735775709153,"w":-0.9790186285972595},"size":3.600001811981201,"orthographic":false}