{"cameraMode":{"drawMode":0,"name":"Shaded","section":"Shading Mode"},"sceneLighting":true,"audioPlay":false,"sceneViewState":{"showFog":true,"showMaterialUpdate":false,"showSkybox":true,"showFlares":true,"showImageEffects":true,"showParticleSystems":true},"in2DMode":false,"pivot":{"x":7.206336975097656,"y":0.18897831439971925,"z":77.67200469970703},"rotation":{"x":0.08815060555934906,"y":-0.639847993850708,"z":0.07423285394906998,"w":0.759811282157898},"size":122.51457214355469,"orthographic":false}